"Gross Domestic Product At 2010 Market Prices","Goods Producing Industries","Manufacturing","Construction","Utilities","Other Goods Industries","Services Producing Industries","Wholesale & Retail Trade","Transportation & Storage","Accommodation & Food Services","Information & Communications","Finance & Insurance","Business Services","Other Services Industries","Ownership Of Dwellings","Gross Value Added At Basic Prices","Add: Taxes On Products","Year","Quater"
7052.1,2017.5,1308.9,508.9,130.2,83.6,4133.6,1361,543.1,236.5,37.9,344.6,1336.2,983.1,276.9,6510.1,608.8,1975,"1Q"
7154.8,2034.9,1303.3,533,131.3,85.8,4214.3,1418.3,571.5,239.9,34.1,327,1385.4,1002.4,281.8,6615.3,601,1975,"2Q"
7321.1,2202.6,1441.8,559,135.7,87.9,4198.3,1353.7,584.5,241.8,35,336.2,1384,1024.5,287.9,6767.6,617.2,1975,"3Q"
7435.2,2260.2,1462.9,591.8,138.3,93.1,4232.7,1333.1,589.7,246.9,37.1,359.9,1365.9,1026.3,290.9,6862.2,644.3,1975,"4Q"
7632.5,2334.5,1520.5,605,139.6,96.2,4349.1,1340.4,643.8,253.7,37.9,375.6,1368.8,1027.8,294.7,7059.1,637.6,1976,"1Q"
7683.9,2336.8,1504.4,622.4,142.7,96.7,4390,1375.3,647.8,255.6,39.6,359.3,1336.7,1050.4,296.2,7105.2,644.2,1976,"2Q"
7846.4,2407.3,1565.6,626.6,146.1,97.3,4481.1,1400.4,663.5,264.5,41.5,375.6,1338.5,1049,302.6,7274.3,627.8,1976,"3Q"
7942.8,2387.6,1581.8,576.6,149.5,94.7,4561.9,1407.8,687.5,271.2,39.5,402.8,1309.4,1061.2,308.7,7344.5,666.1,1976,"4Q"
8164.5,2467.5,1634.6,602.9,149.9,99.1,4687.3,1455.6,713.9,275.5,50.9,377.9,1369.2,1061.5,312.8,7556.6,673.4,1977,"1Q"
8315.7,2528.1,1690.2,591.6,159,98.7,4748.1,1495.2,728.3,284.1,45.1,391.5,1347.2,1066.6,319.3,7684.6,704.9,1977,"2Q"
8414.2,2537.5,1689,608.4,160.3,96.4,4825.7,1500.2,769,289.6,47.9,384.4,1360,1074.1,319.3,7774.6,715,1977,"3Q"
8541.9,2556.4,1733.5,571.1,163,95,4933.2,1535.7,798,293.3,51.4,381.9,1368.5,1087.9,327.2,7911.7,695.2,1977,"4Q"
8726.6,2560.5,1740.2,547.7,172.3,93.1,5091.7,1562.1,808.9,302.3,54.1,405.2,1352.2,1119.9,328,8068.7,735,1978,"1Q"
8898.9,2633.1,1820.9,537.6,173.3,93.4,5176.4,1556.2,842.7,306.9,59,432.3,1331.1,1131.8,330.7,8236.4,736,1978,"2Q"
9236.5,2750.5,1931.4,536.3,180.2,94.1,5361.7,1622.6,873.6,315.8,61.2,463.5,1336.4,1167.1,332,8553.3,756.7,1978,"3Q"
9462.1,2750.5,2011.6,563,187.5,94.1,5459.6,1619.2,903.6,319.5,63.5,484.8,1331.8,1200.4,333.3,8780.8,745.1,1978,"4Q"
9540.5,2908,2051.2,567,189.6,92.5,5464.6,1632.2,928.9,320.5,65.4,454.6,1381.6,1175,353.7,8845.1,765,1979,"1Q"
9832.7,2978.8,2100.7,583.4,190.4,96.2,5636.9,1648.9,970.1,332.4,68.1,478,1425.2,1211.2,358,9096.8,819.5,1979,"2Q"
10002.7,3017.6,2141,581.2,191.7,95.5,5738.3,1700.9,974.7,337.7,71.4,498.4,1419.6,1226.1,358.7,9241,854.9,1979,"3Q"
10401.8,3158,2258.1,598,195.6,97.8,5928.2,1706.2,1053.3,351.5,74.9,538.1,1449,1227.4,360.3,9589.1,922.2,1979,"4Q"
10632.8,3211.9,2278.4,632,201.8,93.1,6083.1,1692.1,1075.9,361.1,79.6,602.9,1452.9,1252.2,377.1,9809.8,930.1,1980,"1Q"
10808.7,3280.9,2331.7,641.9,203.6,96.5,6195.1,1742.4,1079.3,371.7,83.1,615.2,1485.8,1261.9,377.1,9998.8,902.4,1980,"2Q"
11039.6,3328,2369.8,647.7,205.1,97.9,6346.7,1764,1114.3,381.7,86.1,655.8,1487.7,1280.3,376.8,10200.9,940.2,1980,"3Q"
11300,3409.1,2432.8,661.1,207.9,99.7,6515.1,1785.9,1124.6,392.2,88.3,700.4,1536.8,1308.4,375.5,10458.4,935,1980,"4Q"
11669.4,3495.4,2496.2,677.7,212.6,101.2,6719.1,1780.5,1155,403,95.2,808.2,1496.4,1323.4,482.8,10803.8,959.9,1981,"1Q"
11990,3643.7,2610.6,711.2,216.8,98.6,6861.4,1803.8,1189.3,409.2,100.4,843,1516.9,1327.9,492,11118,958.3,1981,"2Q"
12267.8,3700.4,2601.4,775.7,220.4,98.5,7031.6,1814.2,1217.6,413.3,106.6,889,1592.3,1326.8,498.3,11352.4,1018,1981,"3Q"
12507.6,3784,2582,876.6,223.3,100.6,7169.3,1836.8,1256.6,419.8,110.9,890.7,1617.2,1373.5,499.3,11583.7,1022.6,1981,"4Q"
12693,3857.6,2608.5,929.1,217.78333333333333,98.9,7287.3,1885.8,1296.3,426.9,117.5,769.2,1929.7,1375.4,470.3,11771.2,1012.4,1982,"1Q"
12892.5,3844.7,2528.8,994.7,225.7,98.4,7464.4,1886.3,1313.5,428.9,123,821.6,1937.3,1442.4,464.7,11926.6,1076.1,1982,"2Q"
13081.3,3877.1,2449.8,1100.1,230.5,102.5,7626.6,1906.8,1316.3,441.6,129.5,875.3,1926,1487.5,470,12124.8,1053.7,1982,"3Q"
13266,3845.1,2354.9,1160.8,235.5,102.1,7813.8,1924.3,1332.8,442.4,135.4,941.9,1926.1,1533.6,483.2,12276.1,1100.7,1982,"4Q"
13628.3,4065,2495.5,1234.4,235.1,108.7,7822.5,1957.4,1376.9,443.1,140,891.7,1930.1,1530,661.3,12616.3,1122.9,1983,"1Q"
13913.7,4150.2,2474.2,1331.9,249.1,107.2,7985.9,1965.5,1411,444.8,145.6,939,1940,1562.5,661,12874,1157,1983,"2Q"
14191.6,4150.2,2575,1380.3,252.1,105.5,8114.4,2012.3,1439.1,448.2,151.4,944.3,1952.2,1593.5,670.6,13175.7,1108,1983,"3Q"
14600.2,4498.2,2655.9,1500.8,252.3,106.3,8232.1,2037.8,1466.1,448,159.2,961.9,1966.8,1611.7,713.7,13539.2,1165.6,1983,"4Q"
15103,4668.4,2753.1,1572.1,257.5,104.8,8439.2,2073.7,1525.5,448.7,158.8,1031.2,1944.7,1637.6,870.1,14005.9,1204.8,1984,"1Q"
15259.9,4687,2763.1,1567.2,262.7,111.7,8552.6,2027.6,1599.2,457,163.1,1047.8,1944.6,1669.6,914.3,14157.3,1207.8,1984,"2Q"
15428.6,4677.4,2743.1,1576,265.8,110.7,8729.3,2111.8,1572.2,456.6,165.1,1117,1960,1690.6,950.8,14334.5,1187.7,1984,"3Q"
15475.2,4635.2,2705.9,1564.4,269.6,112.9,8823.4,2184.3,1592.4,457.3,171.5,1139.3,1961.9,1652.1,975.5,14388.5,1174,1984,"4Q"
15658.8,4595.9,2678.3,1546.5,278.9,110,8983.9,2130.3,1577.4,453.8,171.9,1204.7,2049.6,1730.6,1042.1,14528.8,1237.2,1985,"1Q"
15225.5,4204.8,2564.4,1274.3,276.3,101,9058.4,2044.9,1592.3,454.3,173.9,1225.7,2211.8,1722.9,1010.8,14136,1187.9,1985,"2Q"
15063.7,4103.2,2507.6,1238.8,271.3,96.6,8990.3,1967.7,1594.6,451.7,177.1,1287.1,2038.3,1729.1,1071,13978.6,1187,1985,"3Q"
14933.6,3933.3,2419.5,1162.8,272.5,89,9045.2,1956.3,1634.9,455.8,182,1266.4,2049.1,1762.4,1154.7,13872.3,1153.4,1985,"4Q"
14997.8,4006.1,2540.1,1107.3,278.7,88.4,9007.6,1915.9,1661.3,470.4,185.8,1200.7,2069.3,1794.5,1162.6,13923.2,1172.5,1986,"1Q"
15240.1,4149.5,2693.1,1089.4,287.9,86.6,9059.1,2018.9,1691.3,468.8,191.7,1220.8,1876.7,1808,1201.5,14156,1178.6,1986,"2Q"
15479.2,4121,2831.3,908.5,296,86.4,9288.4,2019.5,1727.2,487.9,196.3,1285.1,1910.3,1854.4,1236.7,14362.2,1222.9,1986,"3Q"
15909.4,4207.7,2931,888.8,303.9,84.6,9604.3,2073.1,1740,492.5,201.3,1252,2313.5,1900.1,1244.9,14774.2,1236.2,1986,"4Q"
16227.3,4268.2,2986.9,895.6,291.53333333333336,82.9,9805.5,1958.3,3688.382317073169,490.8,206.4,1398.7,2307.6,1960.7,1313.1,15070.1,1259.7,1987,"1Q"
16786,4415.8,3117.7,906,310.2,82.6,10154.5,2247.1,1789.2,516.8,212.3,1524.1,2075,1948.6,1332.9,15589.8,1301.6,1987,"2Q"
17370.5,4563.2,3284.9,879.6,321.2,77.6,10482,2316.3,1848.2,535.8,224.4,1606.1,2132.8,1952,1319.4,16073.7,1442.4,1987,"3Q"
17878.5,4772.6,3524.6,837.5,335.5,73.6,10709.8,2345.6,1882.1,566.1,233.1,1488.3,2423.2,2072.7,1359.2,16555.2,1466.2,1987,"4Q"
18023.7,4868.9,3638.3,826.6,335.5,67.5,10788.3,2342.7,1962.8,587.8,248,1414.8,2525.1,2059.5,1396.1,16759.1,1365.5,1988,"1Q"
18781.7,5057.2,3804.6,843,339.6,68.6,11243,2619.2,1990.6,600.3,256.4,1530.3,2539,2041.1,1407,17425.1,1485.9,1988,"2Q"
19272.9,5149,3894.1,839,347.9,66.4,11614.5,2734.6,2036.8,620.4,263.6,1605.9,2599.9,2082.8,1402,17891.4,1507.7,1988,"3Q"
19784.9,5198.4,3959.1,819.7,350.9,66.3,11907.9,2777.7,2088,645.3,272.5,1651.9,2703.8,2108.5,1463.6,18261.6,1717.8,1988,"4Q"
19803.4,5249.9,3999.3,827.3,354.9,66.1,11865.1,2527.7,2130.1,672.9,276.4,1639.4,2791.9,2157.6,1517.3,18302.7,1680.5,1989,"1Q"
20981.7,5417.3,4182.2,812.9,358.2,61.4,12815.9,2873.1,2166.9,684.2,284.4,1942.4,2878.3,2254.1,1522.9,19426.3,1724.5,1989,"2Q"
21213,5528,4252.4,846.2,362.8,64.3,12957.1,3017.6,2201.7,704.4,287.6,1875.3,2958.7,2259.9,1511.4,19686.9,1668.3,1989,"3Q"
21671.6,5678.4,4365,875.8,371.3,64.4,12959.1,2936.4,2268.1,707.5,306.3,1832.4,2969.2,2276.1,1536.4,19873.4,2091.4,1989,"4Q"
22658.1,5790.4,4456.2,886.6,383.4,63.8,13765.9,3120.8,2335.7,705,314.6,2169.7,2975.1,2341.5,1515.9,20782.2,2075.6,1990,"1Q"
22931.4,5894.6,4544.7,900,391,58.7,14000.7,3134.6,2374.9,706.8,324.5,2185.7,3076.2,2416.9,1516.4,21130.2,1965.1,1990,"2Q"
23170.8,5997.8,4669.7,878.9,391.1,55.6,14187.3,3108.6,2395.4,710.6,334.7,2276.3,3092.4,2451.3,1535.8,21440.3,1861.4,1990,"3Q"
23488.2,6139.3,4732.6,948.7,400.1,57.6,14386.5,3292.8,2411,724.9,343.1,2216.4,3159.4,2474.1,1543.9,21801.3,1792.9,1990,"4Q"
24045.2,6359.6,4911.7,989,404.5,53.7,14699.2,3446.3,2431.1,664,358.8,2300.5,3225.2,2508.5,1548.2,22362,1774.8,1991,"1Q"
24416.9,6296.5,4838.7,992.4,411,55.3,15066.5,3472.1,2499.7,716.7,370.6,2387,3258.2,2565.9,1550.2,22643.2,1892,1991,"2Q"
24854.4,6414.2,4841.2,1099.1,425.5,54.3,15245.2,3559.4,2573.7,733.2,380.9,2321.7,3308.9,2609.2,1568.6,22961.9,2046.9,1991,"3Q"
25013.1,6480.7,4832,1179.1,426,52.5,15392.6,3481.7,2612.5,745.7,382.6,2368.6,3387.1,2654.3,1567.1,23180.8,1959.2,1991,"4Q"
25466,6551.2,4854.2,1221.3,432.3,54,15667.6,3403.3,2624.8,767.4,417.1,2446,3549.9,2682.7,1563.9,23526.4,2097.9,1992,"1Q"
25872.5,6566.7,4843.9,1251.2,431.9,51.6,16100.2,3456.8,2604.7,773.2,423.1,2670.9,3604.2,2730.9,1563.3,23961,2049.4,1992,"2Q"
26636.4,6707.1,4978.1,1259.7,430.4,49.2,16645.1,3560.1,2643.1,782.3,441.5,2894.2,3643,2771.4,1583.3,24659.9,2121.7,1992,"3Q"
27320.2,6957.5,5177.1,1299.5,441.8,49.1,17067.2,3689.6,2696.1,779.8,456.7,3032.4,3671.4,2789.9,1569.4,25351.9,2094.1,1992,"4Q"
27784.8,6998.3,5240.9,1279.7,438.6,47.4,17402.7,4139.3,2777.9,792.7,476.2,2821.5,3726.6,2839.4,1606,25741.1,2188.1,1993,"1Q"
29147.1,7265.9,5413.7,1355.2,459.7,47.6,18349.4,4190.7,2864.6,813.8,497.6,3290.8,3795.6,2904.6,1615.1,26970.1,2341.5,1993,"2Q"
29639.7,7411.7,5500.9,1403.5,471.4,47.7,18668.2,4315.9,2925.1,827.5,516.2,3293.9,3830.2,2977.6,1636.1,27457.9,2336.5,1993,"3Q"
30883.8,7570.1,5608.5,1445.7,482.5,46.3,19548.8,4480.6,2970,841,532.7,3690.6,3886.9,3044.1,1649.2,28497.9,2591.1,1993,"4Q"
31631.3,8027,5867.2,1632.3,496.2,48.3,19886.9,4664.6,3014.3,852,544.7,3574.7,4139.6,3123.4,1658,29361.4,2412.1,1994,"1Q"
32081.1,8027,6104.4,1620.4,503.3,48.4,20048.6,4803.4,3060.9,834.5,557.5,3519.8,4119.3,3205.5,1676.7,29801.4,2415.1,1994,"2Q"
33052.6,8527.8,6260.5,1715.5,519.9,48.5,20588.8,4937.6,3165.4,871.5,581.3,3602.8,4227,3246.2,1697.1,30641.8,2574.6,1994,"3Q"
33437.4,8581.2,6291.8,1732,526.3,48.3,20822.9,5159.2,3250.3,864.7,624.3,3412.8,4298.3,3340.1,1724.4,30943.3,2681.5,1994,"4Q"
33161.7,8570.7,6349.6,1654.7,535.1,45.8,20523.5,5202.2,3295.8,871.8,642,3193.5,4083.5,3356.8,1708.6,30648.2,2681.7,1995,"1Q"
34296.9,8942,6583.6,1788.5,541.7,46,21339.8,5367.6,3380.7,885.4,666.6,3450,4305.1,3391.8,1714.9,31856.3,2592.5,1995,"2Q"
35793.7,9493.4,7043.3,1867.3,546.9,47.1,22174.4,5586.6,3454.8,921.5,686.7,3680.5,4467.2,3482.4,1733.6,33306.8,2637.1,1995,"3Q"
36063.3,9549.6,7000.4,1964.6,557,47.8,22285.7,5621.6,3491.7,926.1,705.2,3519.1,4568.5,3581.1,1754.4,33493.5,2730,1995,"4Q"
37151.9,9920.5,7202.8,2128.8,567.5,48.3,22946.8,5660.6,3560,945.5,726.4,3852.3,4599.2,3681.4,1758.1,34555,2755,1996,"1Q"
37279.3,9719,6927.6,2193,592.2,48.2,23244.6,5582.4,3602.9,949.2,740.9,3969,4754.2,3695.4,1770.7,34599.7,2848.4,1996,"2Q"
37308.4,9526.1,6754.8,2165,604.8,48.2,23551.4,5690,3613.7,947.3,764.3,4017.8,4732.7,3835.2,1793.9,34671.2,2800,1996,"3Q"
38198.1,9789.8,6913.4,2261.1,582.1333333333334,47.7,24213.7,5882.3,3693,982.4,804.9,4189.7,4829.7,3862.2,1810.2,35615,2733.6,1996,"4Q"
39260.8,9705.3,6796.8,2292.7,624.4,48,25311.7,6079.1,3773.5,1014.5,840.8,4652.4,4946.6,3988.9,1829.3,36548.2,2875.2,1997,"1Q"
40795.8,10265.9,7223.3,2405,642.8,49.9,25966.6,6226.8,3814.5,1027.7,897.8,4848,5042,4060.1,1842.2,37838.4,3145.7,1997,"2Q"
41349.9,10650.1,7409.9,2591.1,668.7,45.7,26198.7,6279,3688.382317073169,1033.3,952.9,4667,5281.5,4105.8,1870,38535.8,2979.5,1997,"3Q"
40916.2,10764.2,7503.9,2598,681.6,45.7,25572.4,5767.1,3871.2,1016.2,984.9,4258.4,5418.7,4180.2,1914.2,38124.9,2955.9,1997,"4Q"
39826.9,10446.1,7180.3,2598.7,698.2,45.1,24814.8,5638.8,3903,973.1,1020.2,3703.7,5362.3,4163.9,1987.3,37096.1,2892.9,1998,"1Q"
39705,10468.1,7204.1,2603,693.8,42,24828.1,5528.7,3961.9,960.3,1036.6,3669.7,5391.3,4208.4,2018.4,37158.7,2683.6,1998,"2Q"
39273.1,10246.8,7093.2,2502,677.9,42.8,24602.6,5369.4,3986.9,948,1045,3557.3,5347.5,4261.6,2070,36723.6,2689.5,1998,"3Q"
39964.5,10367.2,7285.7,2403,695.3,43.1,25150.7,5489.9,4052.1,960.8,1069,3926.5,5248.2,4262.7,2107.6,37406,2696,1998,"4Q"
40753.1,10961,7844.1,2417.7,705.5,40.5,25149.2,5508.7,4146.7,967.1,1125.3,3637,5289.5,4337,2147.1,38146.7,2746.3,1999,"1Q"
42015.2,10973,7996.4,2253.4,713.1,43.5,26321.4,5863.7,4190,1012.3,1164.1,4124.3,5404.9,4394.4,2192.8,39284.9,2880.5,1999,"2Q"
42594.7,11288.5,8364.4,2179.2,720.7,43.8,26335.1,5898.4,4259,1011.6,1207.2,3963.1,5356.2,4466.9,2246.8,39717.3,3044.8,1999,"3Q"
43041.8,11208.2,8285,2163.4,739.2,44,26737.7,6168.6,4338.7,1050.9,1270.3,3769.8,5418.1,4574.9,2297.1,40033.5,3191.4,1999,"4Q"
44302.7,11728.2,8823.5,2129.5,744,41.7,27411,6522.9,4315.8,1075.7,1277.4,3936.6,5455.7,4679,2329.8,41304.3,3170.5,2000,"1Q"
45305.3,12043.2,9070.4,2178.7,762.3,40.3,27902.7,6815.7,4348.5,1084.9,1352.2,3863.3,5513.4,4813.3,2359.6,42163.2,3321.2,2000,"2Q"
46725.1,12739.3,9646.6,2257,789.1,42.3,28503.5,7149.1,4439.6,1108.1,1421,3796,5622.5,4894.6,2400.8,43591.5,3313.9,2000,"3Q"
47027.5,13018.5,9855.3,2317.6,802.4,39.4,28550.6,7112.5,4462.9,1115.6,1486.3,3690,5607.1,5008.8,2440.4,43998.9,3204.9,2000,"4Q"
46745.2,12147.9,9031.7,2305.1,812.3,37.7,29364.2,7102.2,4404.6,1132.4,1578.4,4259.5,5557.8,5128.9,2457.4,43719.8,3201.3,2001,"1Q"
45665.6,11342.6,8259.5,2297.7,828.8,37.5,29395.5,6876.5,4405.9,1110.9,1582.4,4434.5,5529.4,5195.9,2444.9,42769.1,3065.9,2001,"2Q"
44501.2,10828.1,7823.7,2231.4,832,34.9,28801.8,6704.7,4395.1,1087.6,1596.6,4037.7,5516.2,5265.5,2452.8,41599.6,3069.9,2001,"3Q"
44812.5,10888.9,7992.8,2086.5,841,33.3,28988.2,6819.3,4401,1037.6,1621.8,4087.4,5489.7,5332.2,2476.8,41863.1,3120.1,2001,"4Q"
46362.5,11573.9,8625.1,2095.9,857.6,31.6,29762.3,7011.4,4609,1080.9,1659.9,4170.9,5713.9,5313.1,2553.1,43463.3,3069.5,2002,"1Q"
47737,12260.8,9382.1,1957.8,868.3,30.6,30120.2,7269.7,4680.5,1069,1679.1,3919.7,5846.3,5539.6,2573.1,44639.5,3277.4,2002,"2Q"
47588.6,11905.6,9079.2,1889.6,896.8,28.6,30585.5,7637.8,4691.1,1050.5,1704.2,3981.6,5862.6,5565.5,2590.7,44657.3,3104.2,2002,"3Q"
47567.5,11521.1,8753.4,1835.4,902.5,28.1,30958.4,7768.3,4681,1056.5,1710,4078.3,5962.4,5610.1,2620,44561.3,3182.3,2002,"4Q"
48165.4,11958.5,9222.3,1750,923.4,27.8,30989.2,7798.6,4699.2,1041.9,1793.3,4074.5,5891,5579.8,2618.6,45116.7,3227.1,2003,"1Q"
47575.7,11456.7,8714.8,1788.2,923.9,26.9,30921.8,8029.8,4192.5,798.6,1774.6,4706.1,5810.3,5421.7,2627.9,44454.7,3301.7,2003,"2Q"
50134,12144.9,9356.9,1808.2,918.8,26.8,32774.9,8417.5,4688.6,993.8,1806,4990.9,6035.8,5621.5,2622.1,47011.2,3306.4,2003,"3Q"
51726.1,12390.1,9595.9,1783.9,936,27.4,34011.1,8966.6,4882.3,1055.9,1858.4,5169.9,6139.5,5728.2,2616.7,48457.6,3459.9,2003,"4Q"
53093.6,12980.8,10199.6,1749.9,918.1,26.2,34376.5,9288.2,4974.2,1075.1,1902.9,4992.6,6264.5,5732.1,2624.3,49516.3,3782.9,2004,"1Q"
53850.5,13299.8,10499.1,1699,976.3,26.3,34967.4,9587.8,5086.9,1068.5,1968.7,4965,6372.2,5798.5,2655.2,50473.6,3575,2004,"2Q"
54119,13158.6,10383.1,1662.4,987.2,29.7,35347.9,9737.8,5180.2,1080.8,2000,4986.2,6397.6,5849.2,2663.2,50664,3656.7,2004,"3Q"
55394.2,13677.2,10913.8,1653.4,950.8,26.8,35963.1,10182.5,5303.8,1097.6,1999.2,4959.5,6533.6,5825.1,2680.6,51875.5,3724.4,2004,"4Q"
55894.1,13377.9,10560.7,1729.6,980.8,29.2,36785.2,10272.1,5419.5,1134.1,2014.9,5116.1,6757.7,5982.3,2682.4,52267.5,3892.1,2005,"1Q"
57335.5,13983.7,11154,1688.3,985,28.3,37592.8,10570.3,5464.7,1177.1,2062.1,5288.8,6918,6028.8,2693,53768.1,3761.4,2005,"2Q"
58828,14629.4,11768.2,1682,973.5,29.5,38242.6,10792.5,5481.1,1185.8,2102.3,5349.2,7144.3,6121.9,2713.4,55177.3,3844.8,2005,"3Q"
60526.6,15427.3,12442.9,1743.4,1012,29.7,38890.5,11063.6,5561.4,1209.8,2119.2,5534.3,7263.2,6073.3,2724.7,56766.1,3962.4,2005,"4Q"
61814.2,15589.7,12566.9,1765.4,1030.3,29.1,39803.2,11486.4,5591.1,1212.3,2104,5869.1,7168,6296.4,2745.7,57826.1,4270.2,2006,"1Q"
62310.2,15541.8,12518.1,1756.9,1045.2,29.3,40505.6,11672.6,5655.5,1232.4,2132.1,6063.6,7293.1,6375.3,2755.5,58425.4,4099.6,2006,"2Q"
63601.6,16041.8,12906.8,1848.6,1064.5,28.2,41196.3,12013.7,5800.3,1256.4,2176.5,5998,7485.8,6403.5,2760.4,59683.8,4112.7,2006,"3Q"
65582.1,16736.2,13506.7,1914.3,1061.7,31.9,42306.1,12329.4,5887.3,1274,2239.8,6253.7,7778.8,6484,2761.6,61567.8,4202.1,2006,"4Q"
67166.2,16779.5,13398.8,2094.9,1090.7,30.3,43318.2,12632.8,6092.7,1303.8,2245.4,6412.3,8114.8,6464.9,2771.9,62566.9,5042.3,2007,"1Q"
68555.8,16834.3,13445.6,2116,1075.2,29.9,44633,12699.2,6212.2,1305.1,2281.7,7007.6,8484,6559.2,2781.7,63860.8,5147.3,2007,"2Q"
70588.9,17894.5,14366.1,2202.4,1086.9,29,45504.6,12853.6,6339.1,1312.4,2311.7,7296.3,8667.1,6623.8,2776.4,65969,4975.8,2007,"3Q"
70133.5,16974.2,13409.3,2321.7,1103.9,29.2,46469.7,12940.8,6518.6,1297.6,2347.3,7666.3,8870.6,6696.6,2763.2,65725.9,4667.5,2007,"4Q"
72886,18763.4,15037.4,2377.9,1107.3,28.9,47254.4,13589,6708.1,1342,2385.1,7332.8,9198.2,6630.1,2768,68655.4,4320.9,2008,"1Q"
70533,16421.8,12658.2,2655.7,1096.5,28.9,47874.2,13513.4,6821.8,1328.3,2399.1,7680.5,9263.7,6758.8,2777.9,66360.1,4300.7,2008,"2Q"
70372.4,16701.7,12751.2,2868.3,1120.5,27.7,47373.4,13225.6,6678.8,1304.3,2459.6,7440.1,9373.5,6800.1,2804.1,66255.6,4220.4,2008,"3Q"
67881.9,16056.8,12086.5,2971.4,1105.5,25.8,45747.8,12442.3,6162.2,1297.3,2524.1,6968.8,9396.6,6902.5,2839,63976.4,3971.8,2008,"4Q"
66304.2,15412.9,11412.7,3102.5,1069.3,28.9,44937.8,12101.5,3688.382317073169,1271,2540.7,6757.8,9404.4,6946,2845,62437.3,3958.4,2009,"1Q"
69205.4,16720.5,12519.4,3218.4,1117.1,27.2,46072.5,12375.5,5864.6,1264.8,2559.1,7385.9,9499,7065.4,2849.8,65100.1,4236.4,2009,"2Q"
72214.7,18118.3,13730.2,3332,1134.5,28.2,47264.4,12746.5,6010.8,1303.1,2572.3,7583.6,9747.3,7249.9,2841.7,67918.6,4439.2,2009,"3Q"
71905.8,16976.8,12472.7,3564,1167.2,31.2,48468.6,13174.7,6211.6,1330.9,2594.7,7786.2,9982.7,7339.7,2836.9,67630.8,4416.1,2009,"4Q"
77722.5,20322.3,15605,3496.7,1195.2,25.4,49977,14012.6,6288.2,1384,2699.8,7859.7,10194.8,7537.9,2873.5,73172.8,4549.7,2010,"1Q"
82090.6,22953.2,18052.8,3665.5,1203,31.9,51788.9,14411,6286.7,1445.4,2763,8132.9,10476.7,8273.2,2881,77623.1,4467.5,2010,"2Q"
80138.9,20488.9,15688.8,3557.5,1212.2,30.4,52412.5,14738.7,6370.5,1501,2744.3,8253.5,10485.4,8319.1,2878.1,75779.5,4359.4,2010,"3Q"
82461.6,20548.8,15761.7,3517.4,1238.8,30.9,54469.6,15242.2,6471.4,1591.1,2868.7,8908.1,10953.5,8434.6,2881.7,77900.1,4561.5,2010,"4Q"
84837.7,20548.8,18483.9,3572.8,1231.9,30.3,54274.9,15182.8,6546.6,1586.5,2890.8,8676.8,10989.3,8402.1,2885.3,80479.1,4358.6,2011,"1Q"
84945.1,22200.9,17271.6,3648,1250.6,30.7,55402.8,15475.7,6726.9,1645.3,2920.1,9005.5,11158.3,8471,2900.1,80503.8,4441.3,2011,"2Q"
86481.6,22289.3,17208.7,3810.6,1241.1,28.9,56863,15894.7,6720.2,1664.4,3065.3,9370.3,11563.3,8584.8,2910,82062.3,4419.3,2011,"3Q"
86224,22422.5,17255.7,3917.2,1218.8,30.8,56583.9,15830.8,6688.8,1660.9,3102,8999.8,11729,8572.6,2923.1,81929.5,4294.5,2011,"4Q"
88552.8,23577.2,18218.1,4064.3,1264.2,30.6,57417.2,15749.2,6992.3,1674.1,3152.4,9252.9,11776.2,8820.1,2953.8,83948.2,4604.6,2012,"1Q"
89207.8,23360.7,17903.7,4169,1255.9,32.1,58421.2,16494.2,6988.3,1679.1,3226,9456.1,11896.8,8680.7,2978.5,84760.4,4447.4,2012,"2Q"
87984.5,22554.6,17060.3,4203.6,1259.7,31,57996.5,16180.2,6984.7,1687.7,3220.6,9445.1,11886.8,8591.4,2990.3,83541.4,4443.1,2012,"3Q"
89992.4,22764.1,17240.4,4230.6,1261.5,31.6,59663.9,16681.1,7052.6,1715.5,3307.6,10025.7,12069.2,8812.2,3005.9,85433.9,4558.5,2012,"4Q"
91236.2,22462.7,16985.6,4170.3,1274,32.8,61424.1,17312.2,7008.1,1709.3,3416.3,10822.6,12391.4,8764.2,3030.9,86917.7,4318.5,2013,"1Q"
93253.6,23571.6,18021.3,4237.4,1281.6,31.3,62399.7,17284,7237.6,1753.6,3502.6,11118.4,12612.5,8891,3047.3,89018.6,4235,2013,"2Q"
93688.3,23683.3,18028.7,4321.8,1299,33.8,62713.7,17362.3,7426.7,1753,3494.6,10954.4,12683.5,9039.2,3063.5,89460.5,4227.8,2013,"3Q"
95248.2,24236,18459.9,4445.1,1298.1,32.9,63805.6,17619.5,7486.1,1753,3518.4,11865.2,12614.8,8948.6,3088.2,91129.8,4118.4,2013,"4Q"
95637.5,24529,18582,4606.6,1305,35.4,63829.5,17448.1,3688.382317073169,1778.3,3657.6,11693.9,12625.6,9166.6,3113,91471.5,4166,2014,"1Q"
96018.5,24162.1,18269.3,4542.9,1312.9,37,64503.3,17689.7,7482.8,1782.5,3696.7,11852.5,12706.6,9292.5,3146.7,91812.1,4206.4,2014,"2Q"
96590.1,24312.7,18356.5,4589.3,1327.5,39.4,64890.3,17792.7,7528.7,1777.9,3785,12062.3,12808.2,9135.5,3194.1,92397.1,4193,2014,"3Q"
98579.5,24186.3,18257.6,4567.9,1324.1,36.7,66870.3,17979.1,7571.6,1786.9,3821.1,13228.7,13054.1,9428.8,3226.2,94282.8,4296.7,2014,"4Q"
97871.3,23767.3,17739,4670.3,1322.8,35.2,66438,18075.7,7685.5,1785.7,3666.4,12684.1,13255.4,9285.2,3260.5,93465.8,4405.5,2015,"1Q"
97981.8,23618.9,17516.8,4737.7,1328.4,36,66596.2,18374.4,7570.1,1775.4,3707.5,12647,13153.4,9368.4,3304.3,93519.4,4462.4,2015,"2Q"
98601.3,23454.8,17304.9,4778.9,1334.4,36.6,67203.4,18529.7,7687.8,1800.4,3744.2,12663.5,13368.1,9409.7,3360.5,94018.7,4582.6,2015,"3Q"
99825.3,23343,17126.3,4830.4,1351,35.3,68165.7,18562.9,7595.6,1813.1,3753.6,13627.4,13410.1,9403,3375.4,94884.1,4941.2,2015,"4Q"
99708.1,23858.2,17654.3,4810.9,1357.1,35.9,67432.8,18418.4,7677.5,1821.4,3783,12926.1,13287.9,9518.5,3435.3,94726.3,4981.8,2016,"1Q"
99898.4,24057.5,17811.7,4847.6,1362.1,36.1,67316.9,18454.2,7778.1,1820.5,3829.7,12656.6,13168.5,9609.3,3468.3,94842.7,5055.7,2016,"2Q"
99803.5,23650.1,17584.7,4687.5,1344.2,33.7,67494.1,18530.9,7765.9,1843.9,3795.2,12677.2,13137.1,9743.9,3535.1,94679.3,5124.2,2016,"3Q"
102738.2,25217.2,19121.2,4696.9,1363.4,35.7,68867.8,18632.2,7996.2,1809.8,3803.9,13702.7,13147.1,9775.9,3537.6,97622.6,5115.6,2016,"4Q"
